[a]實際的, 真實的, 現行的, 目前的	,	actual
[n]廣告； Andorra , 安道爾；[縮] Air Defense, 防空	,	ad
[a]另外的, 附加的, 額外的	,	additional
[v]讚美, 欽佩, 羨慕	,	admire
[v]容許, 承認, 接納	,	admit
[vt]採用, 收養	,	adopt
[a]高級的, 年老的, 先進的	,	advanced
[n]優勢, 有利條件, 利益	,	advantage
[n]冒險, 冒險的經歷；[v]冒險	,	adventure
[n]廣告, 做廣告	,	advertisement
[n]忠告, 建議, 通知	,	advice
[n]顧問, <美>(學生的)指導老師	,	adviser / advisor
[vt]影響, 感動, 侵襲, 假裝	,	affect
[vt]提供, 給予, 供應得起	,	afford
[副]然後, 後來地	,	afterwards
[n]農業, 農藝, 農學	,	agriculture
[n]空調機	,	air-conditioner
[n]小路, 巷, (花園裡兩邊有樹籬的)小徑	,	alley
[vt]使吃驚	,	amaze
[n]驚愕, 驚異	,	amazement
[n]大使	,	ambassador
[n]野心, 雄心	,	ambition
[n]天使, 完善可愛的人	,	angel
[n]角, 角落；[vi]釣魚, 追逐	,	angle
[vt]宣佈, 通告	,	announce
[n]宣告, 發表, 一項公告, 一項私人告示	,	announcement
[副]分離, 分成零件, 分別地, 分離著；[a]分開的	,	apart
[a]顯然的, 外觀上的	,	apparent
[n]請求, 呼籲, 上訴, 吸引力, 要求；[vi]求助, 訴請, 要求；[vt]控訴	,	appeal
[vt]賞識, 鑒賞, 感激；[vi]增值, 漲價	,	appreciate
[n]接近, 逼近, 走進, 方法, 步驟, 途徑, 通路；[vt]接近, 動手處理；[vi]靠近	,	approach
[vi]贊成, 滿意；[vt]批准, 通過；[v]批准	,	approve
[n]養魚池, 玻璃缸, 水族館	,	aquarium
[n]到來, 到達, 到達者	,	arrival
[n]灰, 灰燼, 岑樹	,	ash
[副]在旁邊, 到旁邊	,	aside
[v]援助, 幫助	,	assist
[n]運動員, 運動選手	,	athlete
[n]努力, 嘗試, 企圖；[vt]嘗試, 企圖	,	attempt
[n]姿勢, 態度, 看法, 意見	,	attitude
[vt]吸引；[vi]有吸引力, 引起注意	,	attract
[a]吸引人的, 有魅力的	,	attractive
[n]聽眾, 觀眾, 接見, 拜見	,	audience
[n]作家, 創造者	,	author
[n]<美口>汽車	,	auto
[n]自動機械；[a]自動的, 無意識的, 機械的	,	automatic
[n]<主美>汽車(=<英> motor car,car)	,	automobile
[a]可用到的, 可利用的, 有用的, 有空的, 接受探訪的	,	available
[n]林蔭道, 大街, 方法, 途徑, 路	,	avenue
[n]平均, 平均水平, 平均數, 海損；[a]一般的, 通常的, 平均的；[vt]平均為, 均分, 使平衡；[vi]買進, 賣出	,	average
[vi]醒, 覺醒, 領會, 覺悟；[vt]喚醒；[a]警覺的, 醒的	,	awake
[v]喚醒, 醒來, 喚起	,	awaken
[n]獎, 獎品；[vt]授予, 判給	,	award
[a]知道的, 明白的, 意識到的	,	aware
[a]可怕的, 威嚴的, <口>極度的, 糟糕的	,	awful
[n]斧頭；[vt]削減	,	ax
[n]斧, (經費的)大削減	,	axe
[n]背景, 後台, 不重要或不引人注目的地方或位置	,	background
[n]鹹肉, 燻肉	,	bacon
[n]細菌	,	bacteria
[副]嚴重地, 惡劣地	,	badly
[n]羽毛球	,	badminton
[n]行李, 輜重	,	baggage
[n]餌, 誘惑物；	,	bait
[n]天平, 平衡, 收支差額, 結余, 余額；[v]平衡,	,	balance
[n]繃帶	,	bandage
[a]赤裸的, 無遮蔽的, 空的；[vt]使赤裸, 露出	,	bare
[副]僅僅, 剛剛, 幾乎不能	,	barely
[n]穀倉, 畜棚, 畜舍, 機器房	,	barn
[n]桶；[vt]裝入桶內	,	barrel
[n]海灣, 狗吠聲, 絕路；[vt]吠, 使走投無路；[vi]吠	,	bay
[n]梁, 桁條, (光線的)束, 柱, 電波, 橫梁；[v]播送	,	beam
[n]獸, 畜牲, 人面獸心的人	,	beast
[n]乞丐	,	beggar
[vi]舉動, 舉止, 運轉；[v]行為表現	,	behave
[n]腹部, 胃；[vi]漲滿	,	belly
[副]在...之下；[介]在...之下	,	beneath
[n]利益, 好處；[vt]有益于, 有助于；[vi]受益	,	benefit
[n]漿果	,	berry
[n]《聖經》	,	Bible
[n][a]十億(的)	,	billion
[n]一種賭博游戲, 烈酒	,	bingo
[n]餅乾, 小點心	,	biscuit
[n]毯子；[vt]覆蓋	,	blanket
[v]使出血, 放血	,	bleed
[vt]祝福, 保祐	,	bless
[a]大膽的；[n]粗體	,	bold
[n]<美>(長統)靴, 靴子	,	boot
[n]邊界, 國界, 邊, 邊沿, 邊境	,	border
[v]使煩擾	,	bore
[n]閘, 剎車；[v]剎車	,	brake
[n]勇敢	,	bravery
[n]胸部, 乳房, 胸懷, 心情；[vt]以胸對著, 對付	,	breast
[n]呼吸, 氣息, 氣味, 空氣, 微風, 暫停, 瞬間	,	breath
[v]呼吸, 發出	,	breathe
[n]微風	,	breeze
[n]新娘	,	bride
[a]燦爛的, 閃耀的, 有才氣的	,	brilliant
[n]小溪；[vt]容忍	,	brook
[n]掃帚, 金雀花；[vt]掃除	,	broom
[n]眉毛, 額, (面部)表情	,	brow
[n]泡沫, 幻想的計劃；[vi]起泡, 潺潺的流	,	bubble
[n]桶, 一桶的量, 鏟斗	,	bucket
[n]芽, 蓓蕾；[vi]發芽, 萌芽	,	bud
[n]預算；[vi]做預算, 編入預算	,	budget
[n](印度,非洲等的)水牛；<美>美洲野牛	,	buffalo
[n]餐具櫃, 小賣部, 毆打, 打擊；[v]打擊, 搏斗	,	buffet
[n]鱗莖, 球形物	,	bulb
[n]公牛, 粗壯如牛的人	,	bull
[n]子彈	,	bullet
[n]串, 束v.捆成一束	,	bunch
[n]擔子, 負擔；[v]負擔	,	burden
[n]夜賊	,	burglar
[vt]埋葬, 掩埋, 隱藏	,	bury
[n]矮樹叢, (機械)襯套	,	bush
[n]嗡嗡聲；[v]作嗡嗡聲, 嗡嗡作響, 逼近	,	buzz
[n]小屋, 船艙	,	cabin
[n]<美>校園, 大學教育	,	campus
[n]獨木舟, 輕舟	,	canoe
[n]<美>峽谷, 溪谷	,	canyon
[a]有能力的, 能幹的, 有可能的, 可以...的	,	capable
[n]首都, 首府, 大寫字母, 資本, 資金, 資產；[a]首都的, 重要的, 死罪的, 大寫的	,	capital
[n]捕獲, 戰利品；[vt]俘獲, 捕獲, 奪取	,	capture
[n]木匠	,	carpenter
[n]馬車, 客車, 運費, 姿態, （機械）車架	,	carriage
[v]投, 拋, 投射, 澆鑄, 計算, 派(角色)	,	cast
[a]偶然的, 不經意的, 臨時的	,	casual
[n]毛蟲	,	caterpillar
[n]牛, 家養牲畜	,	cattle
[v]慶祝, 祝賀, 表揚, 讚美, 舉行	,	celebrate
[n]厘米	,	centimeter
[n]鏈(條),鐐銬, 一連串, 一系列；[vt]用鏈條拴住	,	chain
[n]挑戰；[vt]向...挑戰	,	challenge
[n]冠軍, 擁護者, 戰士；[vt]擁護, 支持	,	champion
[a]可改變的	,	changeable
[n]海峽, 水道, 溝, 路線,頻道	,	channel
[n](書籍)章	,	chapter
[n]吸引力, (女人的)魔力, 魅力, 符咒；[vt]迷人, 使陶醉,	,	charm
[v]聊天；[n]聊天	,	chat
[n]頰, 厚顏, 類似頰的事物,	,	cheek
[n]愉快, 歡呼；[v](使)快活, (對)歡呼	,	cheer
[a]愉快的, 高興的	,	cheerful
[n]乾酪,	,	cheese
[n]櫻桃, 櫻桃樹, 如櫻桃的鮮紅色,	,	cherry
[n]胸腔, 胸膛, 箱, 櫃	,	chest
[vt]咀爵(食物等)；[v]咀嚼, 認真考慮	,	chew
[n]口香糖	,	chewing gum
[n]孩童時期	,	childhood
[n]寒意, 寒戰, 寒心；[a]寒冷的, 掃興的；	,	chill
[a]寒冷的	,	chilly
[n]煙囪, 燈罩	,	chimney
陶瓷, 瓷器, 瓷料	,	china
[v]窒息, 哽住, 使呼吸困難, 阻塞；[n]窒息, 阻氣門	,	choke
[n]砍, 排骨, 官印, 商標；[vt]剁碎, 砍, (風浪)突變	,	chop
[n]香煙, 紙煙	,	cigarette
[n]馬戲團, 雜技團, 馬戲場, 雜技場	,	circus
[a]全民的, 市民的, 公民的, 國民的,	,	civil
[a]古典的, 正統派的, 古典文學的	,	classical
[n]顧客, 客戶, 委託人	,	client
[n]門診部, 臨床	,	clinic
[n]夾子, 迴形針, 子彈夾；[vt]夾住, 剪短, 修剪	,	clip
[n]線索	,	clue
[n]雞尾酒, (第一道用杯盛的)開味食品；[a]雞尾酒的	,	cocktail
[n]椰子	,	coconut
抓住...的領口〔頭頸〕﹔ 給（衣服）上衣領﹔ 使戴項圈	,	collar
[n]收藏, 征收, 蒐集品, 捐款	,	collection
[n] 大學	,	college
[n]殖民地,	,	colony
[n]圓柱, 柱壯物, 專欄, 縱隊	,	column
[v](使)聯合, (使)結合；	,	combine
[n]安慰, 舒適, 安慰者；[vt]安慰, 使(痛苦等)緩和	,	comfort
[n]逗點, 逗號	,	comma
[n]命令, [v]命令, 指揮, 克制, 支配, 博得, 俯臨	,	command
[a]商業的, 貿易的	,	commercial
[n]委員會	,	committee
[v]溝通, 通信, (房間﹑道路﹑花園等)相通, 傳達, 感染	,	communicate
[n]比較, 對照, 比喻, 比較關係	,	comparison
[vi]比賽, 競爭	,	compete
[n]訴苦, 抱怨, 牢騷, 委屈, 疾病	,	complaint
[a]複雜的, 合成的, 綜合的；[n]聯合體	,	complex
[vt]涉及, 關係到；	,	concern
[n]音樂會, 一致	,	concert
[v]結束, 終止, 決定, 作出結論；[vt]推斷, 斷定, 締結, 議定	,	conclude
[n]結束, 締結, 結論	,	conclusion
[n]條件, 情形, 環境, 社會地位；	,	condition
[a]自信的, 確信的	,	confident
[vt]搞亂, 使糊塗	,	confuse
[v]連接, 聯合, 關連	,	connect
[n]連接, 關係, 接線, 線路, 親戚	,	connection
[a]有意識的, 有知覺的, 故意的, 羞怯的	,	conscious
[a]相當大(或多)的, 值得考慮的, 相當可觀的	,	considerable
[n]體諒, 考慮, 需要考慮的事項, 報酬	,	consideration
[n]常數, 恆量；[a]不變的, 持續的, 堅決的	,	constant
[n]大陸, 陸地	,	continent
[n]合同, 契約, 婚約；[v]使縮短, 感染, 訂約	,	contract
[n](文學)床, 睡椅 ；[v](用語言)表達	,	couch
[a]可計算的；[n]可數的東西, 可數名詞	,	countable
[n]懦弱的人, 膽小的人	,	coward
[n]搖籃, 發源地, 支船架；[vt]將...放在搖籃內	,	cradle
[n]碰撞, 墜落, 墜毀, 撞擊聲, 爆裂聲；[v]碰撞, 墜落, 墜毀,	,	crash
[vi]爬行, 蠕動, 徐徐行進；[n]爬行, 蠕動, 緩慢的行進	,	crawl
[a]創造性的	,	creative
[n] 創建者, 創作者	,	creator
[n]人, 動物, 傀儡, 創造物	,	creature
[n]信任, 信用, 聲望,；[vt]相信, 信任, 把...歸給	,	credit
[vi]爬, 躡手躡腳, 蔓延	,	creep
[n]全體人員, (工作)隊；[態]crow的過去式	,	crew
[n]蟋蟀, 板球	,	cricket
[n]罪犯, 犯罪者；[a]犯罪的, 犯法的, 罪惡的	,	criminal
[a]易碎的, 脆的,精神爽快的	,	crispy
[n]王冠, 花冠, 頂；[vt]加冕, 頂上有, 表彰, 使圓滿完成	,	crown
[a]文化的	,	cultural
[n]食櫥, 碗碟櫥	,	cupboard
[a]當前的, 通用的, 流通的, 現在的, 草寫的, 最近的	,	current
[n]週期, 循環, 自行車；[vi]循環, 輪轉, 騎自行車；	,	cycle
[n]牛奶場, 奶品場, 售牛奶, 奶油, 雞蛋等的商店, 奶製品	,	dairy
[n]水壩, 障礙；[v]控制, 筑壩	,	dam
[n]挑戰；[vi]敢, 膽敢；[vt]敢冒, 不懼	,	dare
[n]心愛的人, 親愛的	,	darling
[vi]猛擲, 衝撞；	,	dash
[n]經銷商, 商人	,	dealer
[n]十年, 十	,	decade
[n]行為, 事實, 功勣, 實行, 契約；[vt]立契轉讓(舊產等)	,	deed
[v]加深, 深化	,	deepen
[vt]定義, 詳細說明	,	define
[n]定義, 解說, 精確度, (輪廓影像等的)清晰度	,	definition
[n]遞送, 交付,	,	delivery
[n]民主政治, 民主主義	,	democracy
[a]民主的, 民主主義的, 民主政體的, 平民的	,	democratic
[n]存款, 押金, 保證金, 存放物；[vt]存放, 堆積；	,	deposit
[n]描寫, 記述, 形容, 種類, 描述	,	description
[n]陰謀家,設計家,製圖師	,	designer
[a]值得要的, 合意的, 令人想要的, 悅人心意的	,	desirable
[vt]破壞, 毀壞, 消滅；[v]消滅, 摧毀	,	destroy
[n]細節, 詳情；[vt]詳述, 細說	,	detail
[v]決定, 確定, 測定, 使下定決心, 使終止	,	determine
[n]魔鬼, 惡棍	,	devil
[n]對話	,	dialogue
[n]通常所吃的食物, 會議	,	diet
[a]勤勉的, 用功的, 細心而繼續不斷的	,	diligent
[n]污垢, 泥土	,	dirt
[vt]使失望	,	disappoint
[n]失望	,	disappointment
[n](=disk) 圓盤, 唱片；[vt]灌唱片	,	disc
[n]折扣	,	discount
[n]發現, 發明的東西	,	discovery
[n]疾病, 弊病	,	disease
[n](=disc) 磁盤, 磁碟片, 圓板, 圓盤, 圓盤狀物	,	disk
[vt]討厭, 不喜歡；[n]嫌惡	,	dislike
[vi]潛水, 跳水, 下潛, 俯衝；[n]潛水, 跳水, 下潛, 俯衝	,	dive
[v]避開, 躲避；	,	dodge
[a]家庭的, 國內的, 與人共處的, 馴服的	,	domestic
[a]可疑的, 不確的, 疑心的	,	doubtful
[a]戲劇性的, 生動的	,	dramatic
[n]水滴；[v](使)滴下	,	drip
[v]溺死, 淹死；[vt]淹沒	,	drown
[a]昏昏欲睡的, 催眠的, (街﹑市等)沉寂的	,	drowsy
[a]喝醉了的；[態]drink 的過去分詞	,	drunk
由於	,	due to
[vt]傾倒(垃圾), 傾卸；[n]堆存處	,	dump
[n]灰塵, 塵土, 塵埃；[vt]撣掉...上的灰塵, 撒糖于糕上	,	dust
[a]熱心于, 渴望著	,	eager
[n]所得,收入	,	earnings
[n]回聲, 回音, 回波	,	echo
[n]版本, 版	,	edition
[n]編輯, 編輯器, 編者	,	editor
[vt]教育, 訓練, 培養；[v]教育	,	educate
[a]教育的, 教育性的	,	educational
[a](直接)生效的, 有效率的, 能幹的	,	efficient
[n]肘	,	elbow
[a]過了中年的, 稍老的	,	elderly
[n]選舉, 當選, 選擇權, 上帝的選拔	,	election
[a]電的, 導電的, 電動的, 電氣	,	electric
[n]電流, 電, 電學	,	electricity
[a]電子的	,	electronic
[n]緊急情況, 突然事件, 非常時刻, 緊急事件	,	emergency
[n]皇帝, 君主	,	emperor
[vt]強調, 著重；[v]強調	,	emphasize
[vt]僱用, 用, 使用；[v]使用；[n]僱用	,	employ
[n]職工, 僱員, 店員	,	employee
[n]僱主, 老闆	,	employer
[n]僱用, 使用, 利用, 工作, 職業	,	employment
[a]空的, 空洞的, 空虛的；[vt]使成為空的, 倒空；[v]倒空；[a]空的,空閑的；[v]騰空, 騰出來	,	empty
[vt]使能夠, 授予權利或方法	,	enable
[a]精力充沛的, 積極的	,	energetic
[vt]使忙碌, 僱佣, 預定, 使從事于, 使參加；	,	engage
[n]約會, 婚約, 諾言, 交戰, 接站, 僱擁, 接合	,	engagement
[n]發動機, 機車, 火車頭	,	engine
[n]工程師, 技師, 火車司機, 輪機員, 工兵	,	engineer
[a]令人愉快的, 可享受的	,	enjoyable
[a]週圍的, 環境的；[n]環境論	,	environmental
[n]vt.羨慕, 嫉妒	,	envy
[vt]抹去, 擦掉, 消磁,	,	erase
[vi]逃脫, 避開, 溜走；[vt]逃避, 避免, 被忘掉	,	escape
[a]邪惡的, 帶來麻煩的, 不幸的, 有害的, 誹謗的；[n]邪惡, 不幸, 罪惡	,	evil
[n]優秀, 卓越, 優點, 美德	,	excellence
[vt]交換, 調換, 兌換, 交流, 交易	,	exchange
[n]表現, 展覽會, 展覽品, 顯示	,	exhibition
[n]存在, 實在, 生活, 存在物, 實在物	,	existence
[n]出口, 太平門, 退場, 去世	,	exit
[n]期待, 預料, 指望, 展望, 期望(值)	,	expectation
[n]費用, 代價, 損失, 開支, 費錢之物	,	expense
[n]實驗, 試驗；[vi]進行實驗, 做試驗	,	experiment
[vt]使爆炸；[vi]爆炸, 爆發, 破除, 推翻, 激發	,	explode
[vt]輸出；[n]出口貨, 輸出, 出口, 出口商品；[v]出口	,	export
[n]表達, 表情, 臉色, 聲調, 腔調, 榨出, 語法, 措辭；[n] 式, 表達式, 符號	,	expression
[a]盡頭的, 極端的, 極度的, 偏激的, 最後的；[n]極端, 極端的事物	,	extreme
[n]寓言, 神話, 謊言；[vi]講故事, 編寓言, 煞有其事地講述	,	fable
[n]因素, 要素, 因數, 代理人	,	factor
[vi](聲音等)減弱下去, 褪色, 消失, 枯萎, 凋謝	,	fade
[n]昏暈, 昏倒；[a]虛落地, 衰弱的, 軟弱的, 無力的, 微弱的, 暗淡的；[vi]昏暈, 昏倒, 變得微弱, 變得沒氣力	,	faint
[n]仙女, 精靈,	,	fairy
[n]信任, 信念, 宗教信仰, 忠實, 保證, 諾言, 約定	,	faith
[n]假貨, 欺騙；[a]假的；[vt]偽造, 贗造, 捏造, 假造, 仿造；[vi]偽裝	,	fake
[a]熟悉的, 常見的, 聽慣的, 親近的, 隨便的；[n]密友, 熟客, 常客	,	familiar
[n]扇子, 鼓風機, 風扇, 迷, 狂熱者, 愛好者；[vt]煽動, 刺激, 扇, 吹拂；[vi]飄動, 成扇形散開	,	fan
[n]狂熱者, 盲信者, 入迷者；[a]狂熱的, 盲信的	,	fanatic
[a]奇特的, 異樣的；[vt]想象, 設想, 認為, 愛好, 自負；[n]愛好, 迷戀, 想象力	,	fancy
[n]費用, 旅客, 食物；[vi]遭遇, 進展, 進步, 經營, 過活	,	fare
[a]更遠的, 進一步的；[副]更遠地, 再往前地, 此外, far 的比較級	,	farther
[n]樣子, 方式, 流行, 風尚, 時樣；[vt]形成, 造, 作, 把...塑造成, 使適應, 使適合, 改革, 改變	,	fashion
[a]流行的, 時髦的	,	fashionable
[vt]扎牢, 扣住, 閂住, 拴緊, 使固定, 系, 集中于, 強加于；[vi]扣緊, 抓住	,	fasten
[n]天數, 命運, 運氣；[vt]註定, 送命	,	fate
[n]龍頭, 旋塞, (連接管子的)插口	,	faucet
[n]vt.傳真	,	fax
[n]翎毛, 輕的東西, 羽毛；[vi]長羽毛；[vt]用羽毛裝飾, 射掉(飛禽)的羽毛	,	feather
[n]面貌的一部份(眼,口,鼻等)特徵, 容貌, 特色, 特寫；[vt]是...的特色, 特寫, 放映；[vi]起重要作用	,	feature
[n]文件, 檔案, 文件夾, 卷宗, 銼刀；[vt]把...歸檔, 提出(申請等), 銼, 琢磨；[vi]列隊行進, 用銼刀銼	,	file
[n]焰火	,	firework
[n]拳頭, 手, 抓住, 抓牢；[vt]拳打, 握成拳, 緊握	,	fist
[n]火焰, 光輝, 光芒, 熱情, 激情	,	flame
[n]情味, 風味, 滋味, 香料；[vt]加味于	,	flavor
[n]跳蚤, 低廉的旅館﹐生蚤的動物	,	flea
[n]肉, (供食用的)獸肉, 肉體, 肉慾, 果肉, 蔬菜的嫩部；[vt]以肉喂(獵犬等), 使肥, 賦以血肉；[vi]長胖	,	flesh
[n]漂流物, 浮舟, 漂浮, 浮萍, 彩車；[vi]浮動, 飄浮, 散播, 搖擺, 漂浮；[vt]使漂浮, 容納, 淹沒, 發行	,	float
[n]羊群, (禽﹑畜等的)群, 大量, 眾多；[v]聚結	,	flock
[n]折, 羊欄, 折痕, 信徒；[vt]折疊, 包, 合攏, 抱住, 籠罩, 調入, 交迭；[vi]折疊起來, 徹底失敗	,	fold
[n]人們, 親屬(複數), 民族；[a]民間的	,	folk
[n]追隨者, 信徒	,	follower
[a]喜愛的, 多情的, 喜歡的, 寵愛的, 溫柔的	,	fond
[n]前額, (任何事物的)前部	,	forehead
[副]永遠, 永恆, 永久, 常常, 始終	,	forever
[n]財富, 運氣, 大量財產, 好運, 命運；	,	fortune
[v]建立, 創立, 創辦, 使有根據, 鑄造, 熔制	,	found
[n]泉水, 噴泉, 源泉	,	fountain
[v](使)結冰, (使)冷凍, 凍結	,	freeze
[a]時常發生的, 頻繁的	,	frequent
[n]友誼, 友好	,	friendship
[v]挫敗, 阻撓, 使感到灰心, 阻止	,	frustrate
[n]油炸食物, 油炸鍋, 魚苗, 魚秧；[v]油炸, 油煎	,	fry
[n]資金, 基金；[v]支助, 投資	,	fund
[n]毛皮, 毛, 軟毛	,	fur
[n]傢具, 設備, 儲藏物	,	furniture
[n]冒險；[v]賭博, 投機, 孤註一擲	,	gamble
[n]大蒜, (Akkuyn sadtium), 蒜頭	,	garlic
[n]氣體, 煤氣, 毒氣, 汽油, 瓦斯；[縮] Gunners Auxiliary-Sight, 炮長輔助瞄準鏡	,	gas
[n]汽油	,	gasoline
[n]姿態, 手勢, 表示；[v]作手勢, 以手勢表示	,	gesture
[vi]掃視, 匆匆一看；[n]一瞥, 眼光, 匆匆一看	,	glance
[a]球形的, 全球的, 全世界的	,	global
[n]榮譽, 光榮	,	glory
[vi]發光, 發熱	,	glow
[n]閒話, 閑談	,	gossip
[n]統治者, 管理者, 地方長官, 主管人員	,	governor
[n]長袍, 法衣, 禮服, 睡袍	,	gown
[v]搶奪, 攫取, 奪取	,	grab
[a]逐漸的, 逐步的, 漸進的	,	gradual
[n](大學)畢業生, 研究生；[v](使)(大學)畢業	,	graduate
[n]穀物, 穀類, 谷粒, 細粒, 顆粒, 糧食	,	grain
[n]克, 鷹嘴豆(用作飼料)	,	gram
[vt]抓住, 抓緊, 掌握, 領會；[n]抓住, 抓緊, 掌握, 領會	,	grasp
[n]蚱蜢, 蝗蟲, 小型偵察機	,	grasshopper
[n]溫室, 花房	,	greenhouse
[n]露齒笑, 裂口笑；[v]露齒而笑	,	grin
[n]<美>食品雜貨店, 食品, 雜貨	,	grocery
[n]指導, 領導	,	guidance
[n]齒齦, 樹脂, 橡膠, 橡膠樹, 口香糖, 香口膠, 泡泡糖	,	gum
gymnasium 體育；[n]體育館, 體操	,	gym
[n]（為女子做發的）理髮師, 美容師	,	hairdresser
[n]走廊	,	hallway
[n]一把, 少數	,	handful
[a]手邊的, 就近的, 唾手可得的, 便利的, 敏捷的, 容易取得的	,	handy
[n]海港	,	harbor
[vt]傷害, 損害；[n]傷害, 損害	,	harm
[a]有害的, 傷害的	,	harmful
[n]收穫, 收成, 結果, 成果；[v]收穫, 收割	,	harvest
[n]孵化, 艙口, 艙口蓋, (門﹑牆壁﹑地板上的)開口；[vt]孵, 孵出, 策劃, 圖謀；[vi]孵化	,	hatch
[n]大字標題	,	headline
[n]司令部, 指揮部, 總部	,	headquarters
[v]治癒, 醫治, 結束	,	heal
[n]堆, 大量, 許多；[vt]堆, 堆起；[v]堆積	,	heap
[n]天, 天空, 天堂	,	heaven
[n]腳後跟, 踵, 跟部	,	heel
[n]地獄, 苦境, 陰間, 地獄中的人, 訓斥；[vi]狂飲, 飛馳；[感]該死!	,	hell
[n]頭盔, 鋼盔	,	helmet
[v]猶豫, 躊躇, 不願	,	hesitate
[v]遠足, 飛起, 步行；[n]遠足, 增加	,	hike
[n]暗示, 提示, 線索	,	hint
[a]歷史(上)的, 有關歷史的	,	historical
[n]洞, 窟窿, 山谷；[a]空的, 虛偽的, 空腹的, 凹的；	,	hollow
[a]神聖的, 聖潔的；[n]神聖的東西	,	holy
[n]故鄉	,	hometown
[n]誠實, 正直	,	honesty
[n]尊敬, 敬意, 榮譽, 光榮；[vt]尊敬, 給以榮譽	,	honor
[n](牛﹑羊等的)角, 喇叭, 觸角；[v]裝角	,	horn
[a]可怕的, 恐怖的, 討厭的	,	horrible
[n]驚駭, 恐怖, 慘事, 極端厭惡	,	horror
[a]每小時的, 每小時一次的, 時時的；[副]每小時一次, 隨時	,	hourly
[n]主婦, 女管家	,	housekeeper
[n]擁抱	,	hug
[n]人類	,	humankind
[a]富幽默感的, 滑稽的, 詼諧的, 想入非非的, 異想天開的	,	humorous
[a]冰冷的, 冷淡的, 蓋著冰的	,	icy
[n]理想；[a]理想的, 完美的, 想象的, 觀念的, 唯心論的	,	ideal
[n]同一性, 身份, 一致, 特性, 恆等式	,	identity
[n]無知, 不知	,	ignorance
[n]圖象, 肖像, 偶像, 形像化的比喻, 極為相象, 映像, 典型；[vt]想象, 作...的像, 反映, 象征	,	image
[n]想象, 空想, 想象的事物, 想象力, 聽覺	,	imagination
[a]直接的, 緊接的, 緊靠的, 立即的, 知覺的	,	immediate
[n]進口貨(常用複數), 進口, 輸入, 意思, 重要性；[vt]輸入, 進口, 含...的意思, 重要；[vi]有關係, 有重要性	,	import
[vt]印, 蓋印, 留下印象	,	impress
[a]給人深刻印象的, 感人的	,	impressive
[副]真正地, (加強語氣)確實, (表示讓步)當然, 甚至, 真的嗎?	,	indeed
[n]個人, 個體；[a]個別的, 單獨的, 個人的	,	individual
[a]戶內的, 室內的	,	indoor
[副]在戶內	,	indoors
[a]工業的, 產業的, 實業的, 從事工業的；[n]工業工人, 工業股票	,	industrial
[a]下等的, 下級的, 差的, 次的, 自卑的, 劣等的	,	inferior
[v](～ of/about) 通知, 告訴, 獲悉, 告知	,	inform
[vt]損害, 傷害；[v]傷害	,	injure
[n]傷害, 侮辱	,	injury
[n](尤指鄉村或公路邊的) 旅館, 客棧；[vi]住旅館	,	inn
[a]內部的, 裡面的, 內心的；[n]內部	,	inner
[a](～ of) 清白的, 無罪的, 天真的, 無知的	,	innocent
[vt]檢查, 視察；[v]檢查	,	inspect
[副]代替, 改為, 抵作, 更換	,	instead
[n]指示, 用法說明(書), 教育, 指導, 指令	,	instruction
[a]內在的, 國內的	,	internal
[vt]打斷(正在說話或動作的人), 中斷, 妨礙, 插嘴；[vi]打斷(別人的講話或行動)；[n](發給電腦的)中斷信號	,	interrupt
[n]介紹, 傳入, 初步, 導言, 緒論, 入門	,	introduction
[n]發明家	,	inventor
[v]調查, 研究	,	investigate
[n]監獄；[vt]監禁	,	jail
[a]妒忌的, 猜疑的, 警惕的, 嫉妒的	,	jealous
[n]果子凍, 一種果凍甜品	,	jelly
[n]噴射, 黑玉；[v]噴射；[a]黑玉色的, 墨黑的；噴氣機	,	jet
[n]寶石	,	jewel
[n]珠寶, 珠寶類	,	jewelry
[n]定期刊物, 雜誌, 航海日記, 分類賬	,	journal
[n]旅行, 旅程；[v]旅行	,	journey
[a]快樂的, 興高彩烈的, 可喜的, 令人歡欣的	,	joyful
[n]叢林, 生死關頭	,	jungle
[n]垃圾, 舢板	,	junk
[n]正義, 正當, 公平, 正確, 司法, 審判, 欣賞	,	justice
[n]袋鼠	,	kangaroo
[n]壺, 罐, 釜, 鼓	,	kettle
[n] 鍵盤	,	keyboard
[n]腎, (動物可食用的)腰子, 個性, 性格	,	kidney
[n]千克, 公斤	,	kilogram
[n]千米, 公里	,	kilometer
[n]成套工具, 用具包, 工具箱, 成套用具	,	kit
[vi]跪下	,	kneel
[n](歐洲中世紀的)騎士, 爵士, 武士；[vt]授以爵位	,	knight
[v]編織, 密接, 結合	,	knit
[n](繩等的)結, (樹的)節, 節(船速,＝哩／小時)；[v]打結	,	knot
[n]標籤, 簽條, 商標, 標誌；[vt]貼標籤于, 指...為, 分類, 標注； 加上或修改磁盤的標籤	,	label
[n]飾帶, 花邊, 緞帶, 鞋帶；[vt]扎帶子, 扎, 飾以花邊；[vi]縛帶子	,	lace
[n]梯子, 階梯；[vi]襪子抽絲, 裝設梯子	,	ladder
[n]笑, 笑聲	,	laughter
[n]洗衣店, 要洗的衣服, 洗熨	,	laundry
[n]草地, 草坪, (均勻生長于固體培養基的)菌苔	,	lawn
[n]漏洞, 漏出, 漏出物, 泄漏,	,	leak
[v]跳, 跳越, 跳躍；[n]跳躍, 飛躍	,	leap
[n]皮革, 皮革製品	,	leather
[n]空閑, 閒暇, 悠閑, 安逸	,	leisure
[v]延長, (使)變長	,	lengthen
[n](慣于)說謊者	,	liar
[n]自由主義者, (尤指英國﹑加拿大等國的)；[a]慷慨的, 不拘泥的, 寬大的, 自由主義的	,	liberal
[n]自由, 特權, 隨意, 冒失, 冒昧, 失禮	,	liberty
[n]救生艇	,	lifeboat
[n]救生員	,	lifeguard
[n]一生, 終生, 壽命	,	lifetime
[n]燈塔	,	lighthouse
[n]肢, 翼, 分支	,	limb
[n]<美>口紅, 脣膏	,	lipstick
[n]垃圾﹐（供動物睡眠或防凍用的）乾草﹑樹葉, (一)窩, 轎；[vt]亂丟, 鋪草, 弄亂；[vi]產仔, 亂丟垃圾	,	litter
[a]活潑的, 活躍的, 栩栩如生的, 真實的	,	lively
[n]負荷, 重擔, 裝載量, 工作量, 負載, 加載；[vt]裝載, 裝填, 使擔負；[vi]裝貨, 裝彈藥﹐裝料	,	load
[n]大廳, 休息室,	,	lobby
[n]龍蝦	,	lobster
[n]棒棒糖	,	lollipop
[n]解放, 放任, 放縱；[a]寬松的, 不精確的, 不牢固的；[vt]釋放, 放槍, 開船；[vi]變松, 開火；[副]鬆散地	,	loose
[n]封建領主, 地主, 統治者, 上帝；[vi]稱王稱霸, 作威作福；[vt]使成貴族	,	lord
[n]擴音器, 喇叭	,	loudspeaker
[n]行李, 皮箱	,	luggage
[n]催眠曲, 搖籃曲, 輕柔的聲音；[v]唱催眠曲使入睡	,	lullaby
[n]肺, 呼吸器, 肺臟	,	lung
[a]不可思議的	,	magical
[n]磁體, 磁鐵	,	magnet
[n]少女, 女僕	,	maid
[n]<美>主修課, 成年人, 大調；	,	major
[n]多數, 大半；[n] 成年	,	majority
[n]購物商場, 商業街, 林蔭路	,	mall
[vi]處理, 應付過去；[vt]管理, 控制, 操縱, 維持, 運用, 搞成, 設法, 達成	,	manage
[a]易處理的, 易管理的, 便於管理的	,	manageable
[n]經營, 管理, 處理, 操縱, 駕駛, 手段	,	management
[n]經理, 管理人員, 管理器	,	manager
[n]人類, 男性, 男子	,	mankind
[n]禮貌	,	manners
[n]大理石, (玩具)彈球.石彈子, 彫刻品；[a]大理石的, 冷酷無情的, 堅硬的	,	marble
[n]行軍, 步伐, 進行曲；[vi]進軍, 前進；[vt]使行軍, 使行進；[n](March)三月(略作Mar)	,	march
[a]引起驚異的, 不可思議的, 非凡的	,	marvelous
[n]數學	,	math
[n]數學	,	mathematics
[a]成熟的, 到期的, 充份考慮的, (票據等)到期的；[vt]使成熟；[vi]成熟, 到期	,	mature
[n]市長	,	mayor
[n]草地, 牧場	,	meadow
[a]意味深長的	,	meaningful
(=meantime) n.其間, 其時；[副]其間	,	meanwhile
[n]獎章, 勛章, 紀念章；[v]授予...獎章	,	medal
[n]媒體	,	media
[n]醫生, 體格檢查；[a]醫學的, 內科的,	,	medical
[n]媒體, 方法, 媒介；[a]中間的, 中等的, 半生熟的	,	medium
[v](使)融化, (使)熔化, 使軟化, 使感動	,	melt
[n]成員資格, 成員人數	,	membership
[v] 記住, 記憶	,	memorize
[a]精神的, 智力的	,	mental
[vt]提及, 說起；[n]提及, 說起；[v]論及, 提及	,	mention
[n]商人, 批發商, 貿易商, 店主；[a]商業的, 商人的	,	merchant
[a]歡樂的, 愉快的	,	merry
[n]混亂, 臟亂；[v]弄亂	,	mess
[n]擴音器, 麥克風	,	microphone
[n]微波(波長為1毫米至30厘米的高頻電磁波)	,	microwave
[v](may的過去是和過去分詞；see may)；[n]力量, 威力, 權力, 能, 可能；[助]可以	,	might
[n]有勢力的人；[a]有勢力的, 強大的, 有力的；[副]很, 極, 非常	,	mighty
[n]百萬富翁, 大富豪	,	millionaire
[n]礦工	,	miner
[n]未成年人, 副修科目；[a]較小的, 次要的,未成年的；	,	minor
[n]少數, 少數民族	,	minority
[n]奇跡, 奇事	,	miracle
[n]痛苦, 苦惱, 悲慘, 不幸, 窮困	,	misery
[n]導彈, 發射物	,	missile
[a]不見的, 缺少的	,	missing
[n]使命, 任務, 使團, 代表團	,	mission
[n]混合, 混合物, 混合劑	,	mixture
[n](集合詞)暴徒, 烏合之眾, (盜賊等的)一群；[v]成群暴動, 聚眾滋擾	,	mob
[a]可移動的, 易變的, 機動的；[n]運動物體	,	mobile
[a]潮濕的；[n]潮濕	,	moist
[n]潮濕, 濕氣	,	moisture
[n]修道士, 僧侶	,	monk
[n]心情, 情緒, 語氣, 狀態	,	mood
[n]拖把(俗稱地拖), 洗碗；[v]用拖把拖洗, 擦, 抹, 掃蕩	,	mop
[a]道德(上)的, 精神的；[n]道德	,	moral
[n]汽車旅館	,	motel
[n]發動機, 電動機	,	motor
[n]謀殺, 凶殺；[vt]謀殺, 凶殺；[v]謀殺	,	murder
[n]肌肉, 臂力, (可供食用的)瘦肉, 肌	,	muscle
[n]蘑菇,	,	mushroom
[a]音樂的, 悅耳的；音樂喜劇	,	musical
[n]神秘, 神秘的事物	,	mystery
保姆, 奶媽	,	nanny
[n]本地人, 土產, 土人；[a]本國的, 出生地的, 本地的, 與生俱來的, 天賦的, 土產的, 土著的	,	native
[n]海軍	,	navy
[n]必要性, 需要,必需品	,	necessity
[n]領帶	,	necktie
[n]附近, 鄰近	,	neighborhood
[n]神經, 膽量, 勇氣, 葉脈；[vt]鼓起勇氣	,	nerve
[a]神經緊張的, 不安的, 強健有力的	,	nervous
[n]網絡, 網狀物, 廣播網	,	network
[n]諢號, 綽號, 昵稱；[vt]給...取綽號, 給...起渾名	,	nickname
[a]高尚的, 貴族的, 高貴的；[n]貴族	,	noble
[n]正規, 常態, 法線；[a]正常的, 正規的, 標準的	,	normal
[n](長篇)小說家	,	novelist
[vt]觀察, 觀測, 遵守, 評述, 說	,	observe
[a]明顯的, 顯而易見的	,	obvious
[n]場合, 時機, 機會	,	occasion
[a]奇數的, 單數的,	,	odd
[n]操作員, 工作者, (電話)接線員, 報務員, 手術員, 行家, 經營者, 算子	,	operator
[n]機會, 時機	,	opportunity
[a]相對的, 對面的, 對立的, 相反的,	,	opposite
[a]樂觀的	,	optimistic
[n]起源, 由來, 起因, 出身, 血統, 原點	,	origin
[a]最初的, 原始的, 獨創的, 新穎的；[n]原物, 原作	,	original
[n]孤兒,；[a] 孤兒的；[vt]使成孤兒	,	orphan
[v]應該	,	ought to
[n]戶外；[副]在戶外, 在野外；[a]=outdoor	,	outdoors
[a]外部的, 外面的, 遠離中心的；[n](射擊)環外命中	,	outer
[n]大綱, 輪廓, 略圖, 外形, 要點, 概要；[vt]描畫輪廓, 略述	,	outline
[n]外套大衣	,	overcoat
[vt]欠(債等), 受到...的思想, 感激, 把...歸功于；[v]欠,應感激,應該把…歸功于(to)；[vi]欠錢	,	owe
[n]所有權, 物主身份	,	ownership
[n]宮, 宮殿	,	palace
[n]柵欄, 界線, 範圍；[a]蒼白的, 暗淡的, 無力的；[vi]變蒼白, 失色；[vt]使變蒼白, 使失色, 用柵欄圍	,	pale
[n]薄烤餅	,	pancake
[n]驚慌, 恐慌, 沒有理由的	,	panic
[n]遊行, 衒耀, 閱兵, 檢閱, 閱兵場；[v]遊行, 衒耀, 誇耀, (使)列隊行進	,	parade
[n]天堂	,	paradise
[n]小包, 包裹；[vt]打包, 捆扎	,	parcel
[vi]參與, 參加, 分享, 分擔	,	participate
[n]通過, 經過, 通道, 通路, (一)段, (一)節	,	passage
[n]激情, 熱情	,	passion
[n]護照	,	passport
[n]密碼, 口令	,	password
[n]耐性, 忍耐	,	patience
[n]中止, 暫停, 休止符；[vi]暫停, 中止；[n]暫停；[n]DOS命令﹕暫停批文件處理, 在繼續處理之前等待按任一鍵	,	pause
[n]人行道, 公路	,	pavement
[n]手掌, 手爪；[v]以蹄扒地, 抓, 笨拙地使用, 費力地前進；[縮] Plasma-Arc Welding, 等離子弧焊	,	paw
[n]薪水, 工資；[v]支付, 交納, 給予, 有利, 值得, 合算	,	pay
[n]豌豆	,	pea
[n]山頂, 頂點, 帽舌, (記錄的)最高峰；[a]最高的；[vi]到達最高點, 消瘦, 縮小；[vt]使豎起, 使達到最高點	,	peak
[n]珍珠	,	pearl
[v]剝, 削, 剝落	,	peel
[n]窺看, 隱約看見；[vi]窺視, 偷看	,	peep
[n]便士, <美>分	,	penny
[vt]履行, 執行, 表演, 演出；[v]完成任務	,	perform
[n]履行, 執行, 成勣, 性能, 表演, 演奏	,	performance
[n]許可, 允許	,	permission
[n]通行證, 許可證, 執照；[v]許可, 允許, 准許	,	permit
[n]個性, 人格, 人物, 名人, (用複數)誹謗﹑人身攻擊	,	personality
[v]說服, 勸說, (使)相信, 勸某人做(不做)某事	,	persuade
[n](醃肉﹑菜等用的)鹽汁, 醋汁, 醃漬品, 泡菜；[vt]醃, 泡	,	pickle
[n]藥丸, 口服避孕藥, 彈丸	,	pill
[n]飛行員, 領航員, 引水員；[vt]駕駛(飛機等), 領航, 引水；[v]駕駛	,	pilot
[n]松樹, 樹木；[v]消瘦, 憔悴, 渴望, 渴慕	,	pine
[v](覺得)可憐；[n]憾事, 憐憫, 同情	,	pity
[n]塑膠, 可塑體, 塑料製品, 整形；[a]塑膠的, 塑造的, 有可塑性的, 造形的, (外科)整形的	,	plastic
[n]豐富, 大量	,	plenty
[vt]堵, 塞, 插上, 插栓；[n]塞子, 插頭, 插銷	,	plug
[n] 李子, 洋李	,	plum
[n]水管工人	,	plumber
[n]棒, 柱, 杆, 竿, 極, 磁極, 電極；[vt]用竿支撐, 用棒推；[vi]撐篙	,	pole
[a]政治的, 行政上的	,	political
[n]政治家, 政客	,	politician
[n]政治, 政治學, 政綱, 政見	,	politics
[n]選舉之投票, 民意測驗；[v]投票, 獲得選票, 選舉中獲得	,	poll
[vt]弄臟, 污染	,	pollute
[n]小型馬；[v]付清；[a]小型的, (新聞)每日摘要的	,	pony
[n]取出, 砰然聲；[a]流行的；[vt]開槍打；[副]突然；[vi]發出爆裂聲；[n]<口>汽水	,	pop
[a]通俗的, 流行的, 受歡迎的	,	popular
[n]一部份, 一分	,	portion
[n]肖像, 人像	,	portrait
[n]郵資	,	postage
[n]海報, 招貼, (佈告, 標語, 海報等的)張貼者	,	poster
[vt]推遲, 使延期, 延遲	,	postpone
[v]灌注, 傾瀉, 涌入, 流, 傾盆大雨	,	pour
[n]貧窮, 貧困, 貧乏, 缺少	,	poverty
[n]粉, 粉末, 火藥, 塵土；[vt]搽粉于, 撒粉, 使成粉末；[vi]搽粉, 變成粉末	,	powder
[a]實際的, 實踐的, 實用的, 應用的, 有實際經驗的	,	practical
[n]祈禱	,	prayer
[a]寶貴的, 貴重的, 珍愛的, 過於精緻的, 珍愛的	,	precious
[n]準備, 預備	,	preparation
[n]壓, 壓力, 電壓, 壓迫, 強制, 緊迫	,	pressure
[vt]假裝, 裝扮, (作為藉口或理由)偽稱	,	pretend
[v]防止, 預防	,	prevent
[a]在前的, 早先的；[副]在...以前；返回上一級菜單	,	previous
[n]牧師	,	priest
[a]第一位的, 主要的, 初步的, 初級的, 原來的, 根源的	,	primary
[a]很可能的, 大概的	,	probable
[n]過程, 作用, 方法, 程序, 步驟, 進行, 推移；[vt]加工, 處理	,	process
[n]產品, 產物, 乘積	,	product
[n]利潤, 益處, 得益；[vi]得益, 利用；[vt]有益于, 有利於	,	profit
[n]節目, 程序, 綱要；[vt]規劃, 擬...計劃, 安排...入節目；[vi]安排節目, 編程序；(電腦)程序,(電視)節目	,	program
[vt]促進, 發揚, 提昇, 提拔, 晉昇為	,	promote
[n]證據, 試驗, 考驗, 校樣；[a]不能透入的, 證明用的, 防...的, 有耐力的；[vt]檢驗, 校對, 使不被穿透	,	proof
[a]適當的, 正確的, 固有的, 特有的, 有禮貌的, 正當的, 嚴格意義上的, 徹底的	,	proper
[n]財產, 所有物, 所有權, 性質, 特性, (小)道具	,	property
[n]提議, 建議	,	proposal
[n]保護	,	protection
[a]給予保護的, 保護的	,	protective
[n]酒館, 客棧	,	pub
[a]純的, 純粹的, 純淨的, 無垢的, 純潔的, 完美的, 抽象的	,	pure
[vt]追趕, 追蹤, 追擊, 繼續, 從事	,	pursue
[n]吵架, 反目, 怨言, 爭吵的原因；[vi]吵架, 爭論, 挑剔	,	quarrel
[vt]引用, 引證, 提供, 提出, 報(價)	,	quote
[a]人種的, 種族的, 種族間的	,	racial
[n]雷達, 電波探測器	,	radar
[n]葡萄乾	,	raisin
[n]等級, 橫列, 階級；[a]繁茂的, 惡臭的, 討厭的；[vt]排列, 歸類于, 把...分等；[vi]列為, 列隊；[n] 秩	,	rank
[n]比率, 速度, 等級, 價格, 費用；[vt]估價, 認為, 鑒定等級, 責罵；[vi]被評價, 責罵	,	rate
[n]生肉, 擦傷處, 身上的痛處；[a]未加工的, 生疏的, 處於自然狀態的, ,不摻水的, 擦掉皮的；[vt]擦傷	,	raw
[n]光線, 閃爍, 微量；[vi]射出光線, 浮現, 放射光線；[vt]放射, 顯出	,	ray
[n]剃刀；[vt]剃	,	razor
[vi]起反應, 起作用, 反抗, 起反作用	,	react
[n]反應, 反作用, 反動(力)	,	reaction
[a]合理的, 有道理的, 通情達理的, 講道理的	,	reasonable
[n]收條, 收據, 收到；[v]收到	,	receipt
[n]接受者, 接收器, 收信機	,	receiver
[vt]認可, 承認, 公認, 賞識；[vi]具結	,	recognize
[n]記錄員, 錄音機；[n] 宏錄制器, 記錄器	,	recorder
[vt]重新獲得, 恢復, 使改過；[vi]痊癒, 復原, 勝訴；[n]DOS命令﹕從含有損壞磁盤扇區的磁盤上恢復文件	,	recover
[vt]減少, 縮小, 簡化, 還原	,	reduce
[a]整個地區的, 地方地, 地域性地	,	regional
[n]遺憾, 悔恨, 抱歉, 歉意；[vt]為...感到遺憾, 後悔, 惋惜, 哀悼, 懊悔；[vi]感到抱歉	,	regret
[vi]放松, 休息, 休養, 變從容；[vt]使松馳, 緩和, 使鬆懈, 使休息	,	relax
[n]釋放, 讓渡, 豁免, 發行的書, 釋放證書；[vt]釋放, 解放, 放棄, 讓與, 免除, 發表；[n]版本, 發佈	,	release
[a]可靠的, 可信賴的	,	reliable
[n](痛苦等的)減輕, (債務等的)免除, 救濟, 調劑, 安慰, 浮雕, 地貌	,	relief
[n]宗教, 信仰	,	religion
[a]信奉宗教的, 虔誠的, 宗教上的, 修道的, 嚴謹的；[n]僧侶, 尼姑, 修道士	,	religious
[v]依賴, 依靠, 信賴, 信任, 依賴于	,	rely
[vi]保持, 逗留, 剩餘, 殘存	,	remain
[vt]提醒, 使想起	,	remind
[a]遙遠的, 偏僻的, 細微的	,	remote
[vt]移動, 開除, 移交；[vi]遷移, 搬家；[n]移動, 距離, 班級, 升級	,	remove
[vt]使更新, 使恢復, 重申, 補充, 續借, 復興；[vi]更新, 重新開始	,	renew
[v]租, 租借, 出租；[n]租金	,	rent
[n]修理, 修補；[vt]修理, 修補, 補救, 糾正	,	repair
[vt]取代, 替換, 代替, 把...放回原處	,	replace
[vt]表現, 描繪, 聲稱, 象征, 扮演, 回憶, 再贈送, 再上演；[vi]提出異議	,	represent
[n]代表；[a]典型的, 有代表性的	,	representative
[n]共和國, 共和政體；[a]共和的	,	republic
[vt]請求, 要求；[n]請求, 要求, 邀請	,	request
[n]儲備(物), 儲藏量, 預備隊；[vt]儲備, 保存, 保留, 預定, 預約	,	reserve
[vt]抵抗, 反抗, 抗, 忍得住	,	resist
[n]資源, 財力, 辦法, 智謀	,	resource
[v]回答, 響應, 作出反應；[vi]有反應	,	respond
[n]回答, 響應, 反應	,	response
[n]責任, 職責	,	responsibility
[vt]限制, 約束, 限定	,	restrict
[vt]展現, 顯示, 揭示, 暴露	,	reveal
[n]緞帶, 絲帶, 帶, 帶狀物, 帶子	,	ribbon
[vt]使擺脫, 使去掉	,	rid
[n]謎, 謎語, 神秘人物；[v]解謎, 出謎, 迷惑	,	riddle
[a]熟的, 成熟的, 時機成熟的；[v]成熟	,	ripe
[vt]冒...的危險；[n]冒險, 風險	,	risk
[n]吼叫, 怒號；[vi]吼叫, 怒號；[v]滾動, 咆哮	,	roar
[v]烤, 烘, 烘烤, 暴露于某種熱力下以得溫暖	,	roast
[v]搶奪, 搶掠, 剝奪	,	rob
[n]強盜, 盜賊	,	robber
[n]搶掠, 搶奪	,	robbery
[n]長袍, 罩衣, 禮服, 制服	,	robe
[n]火箭；[v]飛速上昇	,	rocket
[a]傳奇式的, 浪漫的, 空想的, 夸大的	,	romantic
[a]腐爛的, 惡臭的, 墮落的, (岩石等)風化的, 虛弱的, 無用的	,	rotten
[a]粗糙的, 粗略的, 大致的, 粗野的, 粗暴的, 粗略敘述的；[v]大體描述；[副]粗糙地	,	rough
[n]例行公事, 常規, 日常事務, 程序	,	routine
[n](小)地毯, 墊子	,	rug
[n]流言, 謠言, 傳聞；[vt]謠傳, 傳聞	,	rumor
[a]生鏽的, 遲鈍的, 腐蝕了的, 鐵鏽色的, 生了鏽的	,	rusty
[n]為了...之好處, 出於對...的興趣, 緣故, 理由, 日本米酒	,	sake
[n]薪水；[vt]給...加薪	,	salary
[a]滿意的, 贖罪的	,	satisfactory
[n]茶托, 碟子, 茶碟	,	saucer
[n]香腸, 臘腸	,	sausage
儲蓄	,	savings
[n]刻度,衡量,比例,數值範圍,比例尺,天平,等級；[vt]依比例決定,攀登,測量；[vi]剝落,生水垢,重,攀登,衡量	,	scale
[a]缺乏的, 不足的, 稀有的, 不充足的	,	scarce
[n]稻草人, 衣衫襤褸的人	,	scarecrow
[n]圍巾, 頭巾領巾, 嵌接, 嵌接處, 切口；[v]圍(圍巾), 披(頭巾)嵌接	,	scarf
[a]引起驚慌的	,	scary
[v]分散, 散開, 撒開, 驅散	,	scatter
[n]時間表, 進度表；[v]確定時間	,	schedule
[n]學者	,	scholar
[n]獎學金, 學問, 學識	,	scholarship
[a]科學的	,	scientific
[n]偵察, 搜索, 偵察員, 偵察機；[vi]守候, 偵察, 巡視, 嘲笑；[vt]偵察, 跟蹤, 覓得, 監視, 輕蔑地拒絕(建議	,	scout
[v]尖聲叫, 尖聲喊叫；[n]尖叫聲, 喊叫聲	,	scream
[n]螺絲釘, 螺旋, 螺杆, 螺孔, 螺旋槳, 吝嗇鬼；[vt]調節, 旋, 加強, 壓榨, 強迫, 鼓舞；[vi]轉動, 旋, 擰	,	screw
[v]洗擦, 擦淨, 使(氣體)淨化, 擦洗；[n]洗擦, 擦淨, 擦洗者, 矮樹, 灌木；[a]次等的, 矮小的, 臨時湊合的	,	scrub
[n]封鉛, 封條, 印, 圖章, 密封；[vt]封, 密封；[n]海豹, 海豹毛皮	,	seal
[a]次要的, 二級的, 中級的, 第二的	,	secondary
[n]安全	,	security
[v]尋找, 探索, 尋求	,	seek
[v]抓住, 逮住, 奪取；[vt]沒收, 查封	,	seize
[副]很少, 不常	,	seldom
[a]有感覺的, 明智的, 有判斷力的	,	sensible
[a]敏感的, 靈敏的, 感光的	,	sensitive
[n]分離, 分開	,	separation
[v]縫製, 縫紉, 縫合	,	sew
[n]性別, 男性或女性,	,	sex
[a]性的, 性別的, 有性的	,	sexual
[a]有性感的, 色情的, 迷人的	,	sexy
[n]蔭, 陰暗, 蔭涼處, 圖案陰影, 黑暗, 顏色深淺, 遮光物, 帘；[vi]漸變；[vt]遮蔽, 使陰暗, 使漸變, 微減	,	shade
[n]陰影, 影子, 影像, 預兆, 庇護, 隱蔽處, 陰暗, 少許；[vt]遮蔽, 使朦朧, 預示, 尾隨；[vi]漸變, 變陰暗	,	shadow
[a]淺的, 淺薄的	,	shallow
[n]羞恥, 羞愧, 可恥的人(或事物)	,	shame
[n]洗髮精, 洗髮香波, 洗髮；[vt]洗頭, 洗髮	,	shampoo
[v]剃, 刮, 削刮；[vt]刨, 削；[n]刮臉	,	shave
[n]牧羊人, 牧羊狗；[v]牧羊, 看管, 帶領	,	shepherd
[a]擦亮的, 有光澤的, 晴朗的, 閃耀的, 發亮的	,	shiny
[v]縮短, (使)變短	,	shorten
[副]立刻, 不久, 簡略地, 簡言之, 即刻	,	shortly
[n]鏟, 鐵鏟；[v]鏟	,	shovel
[v]收縮, (使)皺縮, 縮短	,	shrink
[n]嘆息, 嘆息聲；[vi]嘆息, 嘆氣	,	sigh
[n]信號；[a]信號的；[v]發信號, 用信號通知	,	signal
[a]有意義的, 重大的, 重要的	,	significant
[n]類似, 類似處	,	similarity
[n] 違背習俗, 不合情理之事, 過失, 罪過, 正弦函數	,	sin
[a]誠摯的, 真實的, 真誠的	,	sincere
[v]吸吮	,	sip
[n]情形, 境遇, (建築物等的)位置	,	situation
[n]冰鞋, 溜冰, 老馬, 可鄙的人；[vi]滑冰, 滑過	,	skate
[n]滑雪橇；[vi]滑雪	,	ski
[v]跳, 蹦, 急速改變, 跳讀, 遺漏, 跳躍；[n]跳躍	,	skip
[n]摩天樓, 高叢的煙囪	,	skyscraper
[n]奴隸；[v]辛勤努力	,	slave
[n]袖子	,	sleeve
[n]薄片, 切片, 一份, 部份, 片段；[v]切(片)	,	slice
[a]滑的, 光滑的	,	slippery
[n]斜坡, 斜面, 傾斜；[v](使)順斜	,	slope
[a]平滑的, 平坦的, 平穩的, 無毛的；[vt]使光滑, 燙平, 使優雅；[vi]變平滑, 變平靜；[n]一塊平地, 平滑部份	,	smooth
[n]固體, 立體；[a]固體的, 實心的, 堅固的, 結實的, 立體的, 可靠的, 一致的, 純粹的	,	solid
[副]有一天	,	someday
[副]不知何故	,	somehow
[副]稍微, 有點, 有些	,	somewhat
[a]疼痛的, 痛心的, 劇烈的；[n]痛的地方, 痛處	,	sore
[n]悲哀, 悲痛	,	sorrow
[n]意大利式細麵條	,	spaghetti
[n]特效藥, 細節；[a]詳細而精確的, 明確的, 特殊的, 特效的, 種的	,	specific
[n]香料, 調味品, 趣味, 意味, 情趣	,	spice
[n]溢出, 濺出, 摔下, 木片, 小塞子, 暴跌；[vt]使溢出, 使散落, 灑, 使流出, 使摔下；[vi]溢出, 涌流, 充滿	,	spill
[v]旋轉, 紡, 紡紗；[n]旋轉	,	spin
[n]唾液；[v]吐(唾沫), 吐出, 發射, 發出, 噴吐	,	spit
[n]濺, 飛濺, 斑點；[v]濺, 潑, 濺濕	,	splash
[vt]損壞, 搞糟, 寵壞, 溺愛；[v]擾亂	,	spoil
[n]噴霧, 飛沫；[vt]噴射, 噴濺	,	spray
[v]撒(某物)于(某物之表面), 灑, 噴撒	,	sprinkle
[n]特工人員, 間諜, 偵探, 探員, 秘密偵察他人行動者；[v]偵察, 偵察, 發現	,	spy
[n]壓榨, 擠；[v]壓榨, 擠, 擠榨	,	squeeze
[n]刺, 刺傷的傷口, 一陣突然而強烈的感覺, 中傷, 傷痛；[v]剌, 刺傷, 傷害(感情等)	,	stab
[a]穩定的	,	stable
[n]露天大型運動場	,	stadium
[n] 全體職員	,	staff
[v](～ at) 凝視, 盯著看	,	stare
[vt]使餓死；[vi]餓得要死	,	starve
[vt]以彫像裝飾；[n]彫像	,	statue
[a]穩固的, 穩定的, 堅定的, 扎實的, 堅定不移的；[v](使)穩定, (使)穩固	,	steady
[a]陡峭的, 險峻的, 急劇昇降的,；[n]懸崖, 峭壁,	,	steep
[n]前夫(或前妻)所生子女	,	stepchild
[n]繼父	,	stepfather
[n]繼母	,	stepmother
[n]立體聲系統, 立體聲,	,	stereo
[a]粘的, 粘性的	,	sticky
[a]硬的, 僵直的, 拘謹的, 呆板的, 艱難的, 費勁的, 殭硬的	,	stiff
[n]刺, 刺痛, 針刺；[v]刺, 刺痛, 刺激	,	sting
[vt] 激起, 攪和, 惹起	,	stir
[v]縫, 縫合；[n]一針, 針腳, 縫針	,	stitch
[n]長襪	,	stocking
[n]胃, 胃口, 胃部；[v]容忍	,	stomach
[n]凳子, 大便, 廁所；[vi]長新枝；[vt]誘捕	,	stool
[a]暴風雨的, 多風暴的, 激烈的, 暴怒的, 有暴風雨的	,	stormy
[n]策略, 軍略	,	strategy
[n]力, 力量, 力氣, 實力, 兵力, 濃度	,	strength
[n]結構, 構造, 建築物；[vt]建築, 構成, 組織	,	structure
[a]頑固的, 固執的, 堅定的, 堅決的, 難應付的, 難處理的	,	stubborn
[n]畫室, 照相室, 工作室, (無線電或電視節目的)演播室, (製作電影的)攝影棚, (電影公司的)攝影場	,	studio
[n]原料, 材料, 素材資料；[vt]塞滿, 填滿, 填充	,	stuff
[n]風格, 時尚, 文體, 風度, 類型, 字體	,	style
[n]物質, 實質, 主旨	,	substance
[n]市郊, 郊區	,	suburb
[v]吸, 吮, 吸取	,	suck
[vt]遭受, 經歷, 忍受；[vi]受痛苦, 受損害	,	suffer
[a]充份的, 足夠的	,	sufficient
[vt]建議, 提出, 使想起, 暗示	,	suggest
[n]自殺, 自毀, 給自己帶來傷害或損失的行為	,	suicide
[a]適當的, 相配的	,	suitable
[n]總數, 和, 金額, 算術題	,	sum
[n]摘要, 概要	,	summary
[n]頂點, 最高階層；[a]政府首腦的；[vi]參加最高級會議的	,	summit
[a]較高的, 上級的, 上好的, 出眾的, 高傲的	,	superior
[vt]推想, 假設, 猜想；[vi]料想；[連]假使...結果會怎樣	,	suppose
[vt]包圍, 環境；[v]圍繞	,	surround
[vt]調查(收入,民意等) 測量, 勘定, 審視, 視察	,	survey
[n]生存, 幸存, 殘存, 幸存者, 殘存物	,	survival
[n]生還者, 殘存物	,	survivor
[n]嫌疑犯；[a]令人懷疑的, 不可信的, 可疑的；[v]懷疑, 猜想, 對...有所覺察	,	suspect
[n]猜疑, 懷疑	,	suspicion
[vi]詛咒；[v]宣誓, 發誓	,	swear
[n]汗；[v](使)出汗	,	sweat
[v](使)膨脹, 增大	,	swell
[n]雨燕, (梳棉機等的)大滾筒；[a]迅速的, 快的, 敏捷的, 立刻的；[副]迅速地, 敏捷地	,	swift
[n]開關, 電閘, 轉換；[vt]轉換, 轉變	,	switch
[n]劍	,	sword
[n]系統, 體系, 制度, 體制, 秩序, 規律, 方法	,	system
[n]寫字板, 書寫板, 碑, 牌匾, 拍紙簿, 便箋簿, 藥片, 小塊	,	tablet
[n]裁縫；[vt]剪裁, 縫製(衣服)～, 適應, 適合；[v]制做	,	tailor
[a](指動物)馴服的﹑柔順的, (指人)沒精打彩的﹑順從的, 被開墾的；[vt]馴養, 馴服, 制服；[vi]變得馴服	,	tame
[n]稅, 稅款, 稅金；[vt]對...徵稅, 使負重擔, 指控, 責備	,	tax
[n]揶揄, 戲弄, 逗惹；[vt]取笑, 逗惱, 奚落, 欺負, 嘲弄, 取笑, 強求, 梳理	,	tease
[a]技術的, 技術上的, 技巧方面的	,	technical
[n]技術, 技巧, 方法, 表演法, 手法	,	technique
[n]工藝, 科技, 技術	,	technology
[n] 性情, 脾氣, 情緒, 心情	,	temper
[n]溫度	,	temperature
[a]暫時的, 臨時的, 臨時性	,	temporary
[vi]趨向, 往往是；[vt]照管, 護理	,	tend
[a]嫩的, 溫柔的, 軟弱的	,	tender
[n]領土, 版圖, 地域	,	territory
[n]正文, 原文, 課文, 課本	,	text
[a]感謝的, 感激的	,	thankful
[n]理論, 學說, ...論, 原理, 意見, 推測	,	theory
[n]線, 細絲, 線索, 思路, 螺紋	,	thread
[n]恐嚇, 凶兆, 威脅	,	threat
[vt]恐嚇, 威脅	,	threaten
[n]搔, 肐肢, 發癢；[vt]肐肢, 逗笑, 使高興, 使發癢；[vi]覺得癢, 使人癢	,	tickle
[n]潮, 潮汐, 潮流, 趨勢	,	tide
[a]整齊的, 整潔的；[vt]弄整	,	tidy
[a]緊的, 繃緊的, 緊密的, 不漏水(不透氣)的, 由壓迫產生的, 困難的, 吝嗇的, 嚴厲的；[副]緊緊地	,	tight
[v]變緊, 繃緊, 拉緊	,	tighten
[n]薄的紗織品, 薄紙, 棉紙, 組織, 連篇	,	tissue
[n]煙草, 煙草製品, 抽煙	,	tobacco
[n]噸, 大量, 許多	,	ton
[n]龜, 遲緩的人	,	tortoise
[v]投, 擲	,	toss
[n]觀光事業, 遊覽	,	tourism
[n]旅行者, 旅遊者	,	tourist
[n]痕跡, 蹤跡, 微量, 跡線, 韁繩；[vt]描繪, 映描, 畫輪廓, 追蹤, 回溯, 探索；[vi]上溯, 沿路走	,	trace
[n]商人, 商船	,	trader
[n]蹤跡, 痕跡, 形跡；[vt]跟蹤, 追蹤, 拉, 拖, 拖拉, (指植物)蔓生, 蔓延, (指人)沒精打采地走	,	trail
[n]傳送器, 運輸, 運輸機, 激動, 流放犯, 狂喜；[vt]傳送, 運輸, 流放, 放逐	,	transport
[n]無價值之物, 無聊的作品, 垃圾, 廢物	,	trash
旅行者,旅遊者	,	traveler
[n]戰慄, 顫抖；[vi]戰慄, 發抖, 震動, (樹葉等)搖晃.搖動, 焦慮；[vt]揮動, 用顫抖的聲音說出	,	tremble
[n]傾向, 趨勢；[vi]伸向, 傾向, 通向	,	trend
[n]部落, 部族	,	tribe
[a]狡猾的, 機警的	,	tricky
[n]群, 組, 多數, 軍隊；[vi]群集, 結隊, 成群而行；[vt]把(騎兵)編成騎兵連	,	troop
[a]熱帶的, 熱情的	,	tropical
[n]幹線, 樹幹, 軀干, 箱子, 主幹, 象鼻；[vt]把...放入旅行箱內；[a]樹幹的, 軀干的, 幹線的, 箱形的	,	trunk
[a]誠實的, 說實話的	,	truthful
[n]浴盆	,	tub
[v]用力拖, 吃力地搬運, 苦幹, 用拖輪拖, 拖拉；[n]拖, 苦幹, 拖船, (牽引用的)繩索	,	tug
[n]鬱金香, 鬱金香花, 鬱金香球莖	,	tulip
[n]跌倒, 摔跤, 翻斤斗；[vi]翻倒, 摔倒, 倒塌, 滾動, 翻筋斗, 倉惶地行動；[vt]使摔倒, 使滾翻, 弄亂	,	tumble
[n]胃, 肚子(常指旅遊者患的)腹痛, 腹瀉	,	tummy
[n]曲調, 調子, 和諧, 合調；[vt]調音, 調整, 撥收, 收聽, 知道或察覺他人所說的話或表現的情緒	,	tune
[n]家庭教師, (大學)指導教師, 助教, 監護人, 輔導教師；[v]輔導	,	tutor
[n]雙胞胎中一人, 孿生子；[a]雙胞胎的, 一對的, 相似的；[vi]生雙胞胎, 成對；[vt]孿生, 使成對	,	twin
[n]一扭, 扭曲, 盤旋, 曲折, 歪曲, 手法；[vt]擰, 扭曲, 絞, 搓, 捻；[vi]扭彎, 扭曲, 纏繞, 扭動, 呈螺旋形	,	twist
[n]打字機	,	typewriter
[a]典型的, 象征性的	,	typical
[n]聯合, 合併, 結合, 聯盟, 協會	,	union
[v]聯合, 團結	,	unite
[n]宇宙, 世界, 萬物, 領域	,	universe
[連]如果不, 除非	,	unless
[vt]顛覆, 推翻, 擾亂, 使不適, 使心煩；[vi]翻倒, 傾覆；[n]翻倒, 混亂	,	upset
[a]空的, 空白的, 空靈的, 頭腦空虛的, 神情茫然的, 空閑的, 空缺的	,	vacant
[a]貴重的, 有價值的, 頗有價值的	,	valuable
[n]有篷貨車, 先鋒, 前驅, 前衛；[vt]用車搬運	,	van
[vi]消失, 突然不見, 成為零；[n]弱化音	,	vanish
[n]變化, 多樣性, 種種, 品種, 種類	,	variety
[a]不同的, 各種各樣的, 多方面的, 多樣的	,	various
[vt]改變, 變更, 使多樣化；[vi]變化, 不同, 違反	,	vary
[n]花瓶, 瓶	,	vase
[n]交通工具, 車輛, 媒介物, 傳達手段	,	vehicle
[n]韻文, 詩, 詩節, 詩句, 詩篇	,	verse
[n]汗衫, 背心, 內衣；[vt]使穿衣服, 授予；[vi]穿衣服, 歸屬	,	vest
[n]副總裁, 副校長	,	vice-president
[n]受害人, 犧牲者, 犧牲品	,	victim
[n]猛烈, 強烈, 暴力, 暴虐, 暴行, 強暴	,	violence
[a]猛烈的, 激烈的, 暴力引起的, 強暴的	,	violent
[a]看得見的, 明顯的, 顯著的；[n]可見物	,	visible
[n]視力, 視覺, 先見之明, 眼力, 想象力, 幻想, 幻影, 景象；[vt]夢見, 想象, 顯示	,	vision
[n]維他命, 維生素	,	vitamin
[a]生動的, 鮮明的, 鮮艷的, 大膽的, 清晰的, 活潑的, 逼真的	,	vivid
[n]卷, 冊, 體積, 量, 大量, 音量	,	volume
[n]工資；[v]發動	,	wage
[n]四輪馬車, 貨車；[v]用運貨馬車運輸貨物	,	wagon
[vi]醒來；[vt]喚醒	,	waken
[vi]漫步, 徘徊, 迷路, 迷失方向, 離題	,	wander
[n]暖和, 溫暖, 熱心, 熱情	,	warmth
[vt]警告, 注意, 通知；[vi]發出警告, 發出預告	,	warn
[n]蠟, 蠟狀物, 增加, 月亮由虧轉盈；[vi]變大, 增大, 月亮漸滿；[vt]上蠟于	,	wax
[v]削弱, (使)變弱	,	weaken
[n]財富, 財產, 大量	,	wealth
[a]富有的, 豐裕的, 充份的；[n]富人, 有錢人	,	wealthy
[n]編法, 織法, 編織；[vt]編織, 組合, 編排, 使迂迴前進；[vi]紡織, 迂迴行進, 搖晃；[n]織法, 織物	,	weave
[n]網, 蛛絲, 蹼, 翼手, 織物, 圈套, 卷筒紙；[vi]使陷入羅網, 形成網；[vt]織蜘蛛網于, 使落入圈套；環球網	,	web
[n]野草, 雜草；[v]除草, 剷除	,	weed
[n]哭, 哭泣, 滴下；[vi]哭泣, 流淚, 哀悼, 滴落	,	weep
[n]小麥, 小麥色, 淡黃色, 樸實的人	,	wheat
[n]鞭子, 車伕；[v]鞭打, 抽打, 突然移動	,	whip
[n]口哨, 汽笛, 口哨聲, 汽笛聲；[v]吹口哨, 鳴汽笛	,	whistle
[a]壞的, 邪惡的, 缺德的, 不道德的, 惡劣的, 刻毒的, 淘氣的	,	wicked
[n]柳樹, 柳木製品；[a]柳木制的	,	willow
[n]眨眼, 使眼色, 瞬間, (星光等的)閃爍；[vi]眨眼, 使眼色, 閃爍, 打信號, 假裝不見, 終止；[vt]眨(眼)	,	wink
[v]擦, 揩, 擦去	,	wipe
[n]智慧, 明智的行為, 學識, 名言, 賢人, 至理名言	,	wisdom
[n]外套, 圍巾, 包裹, 秘密, 約束, 限制；[vt]包裝, 卷, 纏繞, 包, 覆蓋；[vi]纏繞, 重疊, 穿外衣, 包起來	,	wrap
[n]手腕, 腕關節	,	wrist
X-rays X光﹐X射線	,	X-ray
木琴	,	xylophone
[v]打呵欠, 張開, 裂開；[n]呵欠	,	yawn
[n]瑜珈	,	yoga
[vi]大叫, 忍不住笑, 呼喊；[vt]叫著說；[n]叫聲, 喊聲	,	yell
[n]蛋黃, 卵黃	,	yolk
[n]年青人, 少年	,	youngster
[n]拉練	,	zipper
[n]地域, 地帶, 地區, 環帶, 圈；[vt]環繞, 使分成地帶；[vi]分成區	,	zone
